trade_id,book_time,settle_date,bond,side,qty
T000001,2026-01-27 21:50:44,2026-01-28,BOND_E,BUY,10000000
T000002,2026-01-27 21:50:44,2026-01-28,BOND_D,BUY,10000000
T000003,2026-01-27 21:50:44,2026-01-28,BOND_A,BUY,5000000
T000004,2026-01-27 21:50:49,2026-01-28,BOND_B,BUY,1000000
T000005,2026-01-27 21:50:49,2026-01-28,BOND_E,BUY,2000000
T000006,2026-01-27 21:50:49,2026-01-28,BOND_C,BUY,10000000
T000007,2026-01-27 21:50:54,2026-01-28,BOND_A,SELL,5000000
T000008,2026-01-27 21:50:54,2026-01-28,BOND_E,BUY,10000000
T000009,2026-01-27 21:50:54,2026-01-28,BOND_E,SELL,2000000
T000010,2026-01-27 21:50:59,2026-01-28,BOND_C,SELL,2000000
T000011,2026-01-27 21:50:59,2026-01-28,BOND_C,BUY,5000000
T000012,2026-01-27 21:50:59,2026-01-28,BOND_B,SELL,1000000
T000013,2026-01-27 21:51:04,2026-01-28,BOND_B,BUY,5000000
T000014,2026-01-27 21:51:04,2026-01-28,BOND_C,SELL,10000000
T000015,2026-01-27 21:51:04,2026-01-28,BOND_B,BUY,10000000
T000016,2026-01-27 21:51:09,2026-01-28,BOND_A,BUY,1000000
T000017,2026-01-27 21:51:09,2026-01-28,BOND_B,SELL,1000000
T000018,2026-01-27 21:51:09,2026-01-28,BOND_B,BUY,10000000
T000019,2026-01-27 21:51:14,2026-01-28,BOND_C,SELL,2000000
T000020,2026-01-27 21:51:14,2026-01-28,BOND_A,BUY,10000000
T000021,2026-01-27 21:51:14,2026-01-28,BOND_A,BUY,10000000
T000022,2026-01-27 21:51:19,2026-01-28,BOND_C,SELL,1000000
T000023,2026-01-27 21:51:19,2026-01-28,BOND_A,BUY,2000000
T000024,2026-01-27 21:51:19,2026-01-28,BOND_D,SELL,5000000
T000025,2026-01-27 21:51:24,2026-01-28,BOND_E,SELL,2000000
T000026,2026-01-27 21:51:24,2026-01-28,BOND_D,SELL,5000000
T000027,2026-01-27 21:51:24,2026-01-28,BOND_D,BUY,10000000
T000028,2026-01-27 21:51:29,2026-01-28,BOND_A,SELL,1000000
T000029,2026-01-27 21:51:29,2026-01-28,BOND_D,BUY,1000000
T000030,2026-01-27 21:51:29,2026-01-28,BOND_A,SELL,2000000
T000031,2026-01-27 21:52:06,2026-01-28,BOND_C,SELL,1000000
T000032,2026-01-27 21:52:06,2026-01-28,BOND_E,SELL,5000000
T000033,2026-01-27 21:52:06,2026-01-28,BOND_B,BUY,1000000
T000034,2026-01-27 21:52:11,2026-01-28,BOND_B,SELL,1000000
T000035,2026-01-27 21:52:11,2026-01-28,BOND_A,SELL,1000000
T000036,2026-01-27 21:52:11,2026-01-28,BOND_C,BUY,10000000
T000037,2026-01-27 21:52:16,2026-01-28,BOND_A,SELL,5000000
T000038,2026-01-27 21:52:16,2026-01-28,BOND_B,BUY,1000000
T000039,2026-01-27 21:52:16,2026-01-28,BOND_A,BUY,10000000
T000040,2026-01-27 21:52:21,2026-01-28,BOND_E,SELL,2000000
T000041,2026-01-27 21:52:21,2026-01-28,BOND_B,SELL,1000000
T000042,2026-01-27 21:52:21,2026-01-28,BOND_D,BUY,1000000
T000043,2026-01-27 21:52:26,2026-01-28,BOND_E,SELL,5000000
T000044,2026-01-27 21:52:26,2026-01-28,BOND_C,BUY,2000000
T000045,2026-01-27 21:52:26,2026-01-28,BOND_E,BUY,1000000
T000046,2026-01-27 21:52:31,2026-01-28,BOND_E,BUY,2000000
T000047,2026-01-27 21:52:31,2026-01-28,BOND_D,SELL,10000000
T000048,2026-01-27 21:52:31,2026-01-28,BOND_E,BUY,5000000
T000049,2026-01-27 21:52:36,2026-01-28,BOND_A,SELL,2000000
T000050,2026-01-27 21:52:36,2026-01-28,BOND_B,SELL,5000000
T000051,2026-01-27 21:52:36,2026-01-28,BOND_C,BUY,10000000
T000052,2026-01-27 21:54:13,2026-01-28,BOND_D,BUY,10000000
T000053,2026-01-27 21:54:13,2026-01-28,BOND_C,SELL,10000000
T000054,2026-01-27 21:54:13,2026-01-28,BOND_C,SELL,10000000
T000055,2026-01-27 21:54:22,2026-01-28,BOND_A,SELL,10000000
T000056,2026-01-27 21:54:22,2026-01-28,BOND_B,BUY,10000000
T000057,2026-01-27 21:54:22,2026-01-28,BOND_B,BUY,2000000
T000058,2026-01-27 21:54:28,2026-01-28,BOND_A,SELL,5000000
T000059,2026-01-27 21:54:28,2026-01-28,BOND_D,BUY,10000000
T000060,2026-01-27 21:54:28,2026-01-28,BOND_D,SELL,1000000
T000061,2026-01-27 21:54:45,2026-01-28,BOND_C,SELL,2000000
T000062,2026-01-27 21:54:45,2026-01-28,BOND_D,SELL,10000000
T000063,2026-01-27 21:54:45,2026-01-28,BOND_B,SELL,5000000
T000064,2026-01-27 21:55:04,2026-01-28,BOND_D,BUY,5000000
T000065,2026-01-27 21:55:04,2026-01-28,BOND_B,SELL,2000000
T000066,2026-01-27 21:55:04,2026-01-28,BOND_B,SELL,2000000
T000067,2026-01-27 21:55:09,2026-01-28,BOND_B,SELL,2000000
T000068,2026-01-27 21:55:09,2026-01-28,BOND_A,BUY,2000000
T000069,2026-01-27 21:55:09,2026-01-28,BOND_C,SELL,5000000
T000070,2026-01-27 21:55:15,2026-01-28,BOND_C,BUY,10000000
T000071,2026-01-27 21:55:15,2026-01-28,BOND_E,BUY,5000000
T000072,2026-01-27 21:55:15,2026-01-28,BOND_A,BUY,5000000
T000073,2026-01-27 21:55:20,2026-01-28,BOND_B,SELL,10000000
T000074,2026-01-27 21:55:20,2026-01-28,BOND_B,SELL,1000000
T000075,2026-01-27 21:55:20,2026-01-28,BOND_A,SELL,1000000
T000076,2026-01-27 21:55:25,2026-01-28,BOND_B,BUY,10000000
T000077,2026-01-27 21:55:25,2026-01-28,BOND_C,SELL,10000000
T000078,2026-01-27 21:55:25,2026-01-28,BOND_E,BUY,1000000
T000079,2026-01-27 21:55:30,2026-01-28,BOND_D,SELL,1000000
T000080,2026-01-27 21:55:30,2026-01-28,BOND_D,SELL,10000000
T000081,2026-01-27 21:55:30,2026-01-28,BOND_D,BUY,5000000
T000082,2026-01-27 21:55:35,2026-01-28,BOND_C,BUY,1000000
T000083,2026-01-27 21:55:35,2026-01-28,BOND_D,BUY,5000000
T000084,2026-01-27 21:55:35,2026-01-28,BOND_D,BUY,1000000
T000085,2026-01-27 21:55:40,2026-01-28,BOND_C,SELL,5000000
T000086,2026-01-27 21:55:40,2026-01-28,BOND_B,BUY,5000000
T000087,2026-01-27 21:55:40,2026-01-28,BOND_D,SELL,2000000
T000088,2026-01-27 21:55:45,2026-01-28,BOND_A,BUY,2000000
T000089,2026-01-27 21:55:45,2026-01-28,BOND_C,BUY,1000000
T000090,2026-01-27 21:55:45,2026-01-28,BOND_C,SELL,2000000
T000091,2026-01-27 21:55:50,2026-01-28,BOND_D,BUY,2000000
T000092,2026-01-27 21:55:50,2026-01-28,BOND_C,SELL,1000000
T000093,2026-01-27 21:55:50,2026-01-28,BOND_D,SELL,1000000
T000094,2026-01-27 22:00:20,2026-01-28,BOND_C,BUY,2000000
T000095,2026-01-27 22:00:20,2026-01-28,BOND_E,SELL,5000000
T000096,2026-01-27 22:00:20,2026-01-28,BOND_A,SELL,1000000
T000097,2026-01-27 22:00:25,2026-01-28,BOND_B,SELL,1000000
T000098,2026-01-27 22:00:25,2026-01-28,BOND_B,BUY,2000000
T000099,2026-01-27 22:00:25,2026-01-28,BOND_B,BUY,5000000
T000100,2026-01-27 22:00:30,2026-01-28,BOND_C,SELL,1000000
T000101,2026-01-27 22:00:30,2026-01-28,BOND_A,SELL,5000000
T000102,2026-01-27 22:00:30,2026-01-28,BOND_D,SELL,5000000
T000103,2026-01-27 22:00:35,2026-01-28,BOND_B,BUY,10000000
T000104,2026-01-27 22:00:35,2026-01-28,BOND_E,BUY,10000000
T000105,2026-01-27 22:00:35,2026-01-28,BOND_A,SELL,2000000
T000106,2026-01-27 22:00:40,2026-01-28,BOND_C,BUY,5000000
T000107,2026-01-27 22:00:40,2026-01-28,BOND_E,BUY,1000000
T000108,2026-01-27 22:00:40,2026-01-28,BOND_C,BUY,2000000
T000109,2026-01-27 22:00:45,2026-01-28,BOND_E,BUY,1000000
T000110,2026-01-27 22:00:45,2026-01-28,BOND_A,SELL,5000000
T000111,2026-01-27 22:00:45,2026-01-28,BOND_B,SELL,2000000
T000112,2026-01-27 22:00:50,2026-01-28,BOND_B,SELL,2000000
T000113,2026-01-27 22:00:50,2026-01-28,BOND_D,SELL,5000000
T000114,2026-01-27 22:00:50,2026-01-28,BOND_D,BUY,2000000
T000115,2026-01-27 22:00:55,2026-01-28,BOND_E,SELL,1000000
T000116,2026-01-27 22:00:55,2026-01-28,BOND_E,BUY,10000000
T000117,2026-01-27 22:00:55,2026-01-28,BOND_D,SELL,1000000
T000118,2026-01-27 22:01:00,2026-01-28,BOND_C,SELL,2000000
T000119,2026-01-27 22:01:00,2026-01-28,BOND_C,BUY,5000000
T000120,2026-01-27 22:01:00,2026-01-28,BOND_E,BUY,5000000
T000121,2026-01-27 22:01:05,2026-01-28,BOND_B,BUY,1000000
T000122,2026-01-27 22:01:05,2026-01-28,BOND_A,BUY,2000000
T000123,2026-01-27 22:01:05,2026-01-28,BOND_B,SELL,10000000
T000124,2026-01-27 22:09:34,2026-01-28,BOND_A,BUY,2000000
T000125,2026-01-27 22:09:34,2026-01-28,BOND_E,BUY,5000000
T000126,2026-01-27 22:09:34,2026-01-28,BOND_D,SELL,2000000
T000127,2026-01-27 22:09:55,2026-01-28,BOND_D,SELL,10000000
T000128,2026-01-27 22:09:55,2026-01-28,BOND_A,SELL,1000000
T000129,2026-01-27 22:09:55,2026-01-28,BOND_D,BUY,1000000
T000130,2026-01-27 22:10:27,2026-01-28,BOND_E,BUY,10000000
T000131,2026-01-27 22:10:27,2026-01-28,BOND_A,BUY,1000000
T000132,2026-01-27 22:10:27,2026-01-28,BOND_D,BUY,5000000
T000133,2026-01-27 22:10:58,2026-01-28,BOND_C,SELL,1000000
T000134,2026-01-27 22:10:58,2026-01-28,BOND_D,BUY,2000000
T000135,2026-01-27 22:10:58,2026-01-28,BOND_C,SELL,5000000
T000136,2026-01-27 22:11:03,2026-01-28,BOND_E,SELL,2000000
T000137,2026-01-27 22:11:03,2026-01-28,BOND_B,SELL,1000000
T000138,2026-01-27 22:11:03,2026-01-28,BOND_B,BUY,1000000
T000139,2026-01-27 22:11:08,2026-01-28,BOND_D,SELL,1000000
T000140,2026-01-27 22:11:08,2026-01-28,BOND_E,SELL,1000000
T000141,2026-01-27 22:11:08,2026-01-28,BOND_E,BUY,5000000
T000142,2026-01-27 22:11:13,2026-01-28,BOND_C,BUY,2000000
T000143,2026-01-27 22:11:13,2026-01-28,BOND_A,BUY,2000000
T000144,2026-01-27 22:11:13,2026-01-28,BOND_A,BUY,1000000
T000145,2026-01-27 22:11:18,2026-01-28,BOND_B,BUY,5000000
T000146,2026-01-27 22:11:18,2026-01-28,BOND_B,BUY,1000000
T000147,2026-01-27 22:11:18,2026-01-28,BOND_D,BUY,5000000
T000148,2026-01-27 22:11:20,2026-01-28,BOND_C,SELL,1000000
T000149,2026-01-27 22:11:20,2026-01-28,BOND_A,BUY,1000000
T000150,2026-01-27 22:11:20,2026-01-28,BOND_E,BUY,10000000
T000151,2026-01-27 22:11:25,2026-01-28,BOND_E,BUY,2000000
T000152,2026-01-27 22:11:25,2026-01-28,BOND_B,BUY,1000000
T000153,2026-01-27 22:11:25,2026-01-28,BOND_D,BUY,5000000
T000154,2026-01-27 22:11:30,2026-01-28,BOND_D,SELL,5000000
T000155,2026-01-27 22:11:30,2026-01-28,BOND_A,SELL,5000000
T000156,2026-01-27 22:11:30,2026-01-28,BOND_A,BUY,5000000
T000157,2026-01-27 22:11:35,2026-01-28,BOND_D,SELL,5000000
T000158,2026-01-27 22:11:35,2026-01-28,BOND_C,SELL,2000000
T000159,2026-01-27 22:11:35,2026-01-28,BOND_B,BUY,5000000
T000160,2026-01-27 22:11:40,2026-01-28,BOND_C,SELL,10000000
T000161,2026-01-27 22:11:40,2026-01-28,BOND_E,BUY,5000000
T000162,2026-01-27 22:11:40,2026-01-28,BOND_C,BUY,5000000
T000163,2026-01-27 22:11:45,2026-01-28,BOND_B,SELL,2000000
T000164,2026-01-27 22:11:45,2026-01-28,BOND_B,SELL,2000000
T000165,2026-01-27 22:11:45,2026-01-28,BOND_B,BUY,1000000
T000166,2026-01-27 22:11:50,2026-01-28,BOND_D,SELL,1000000
T000167,2026-01-27 22:11:50,2026-01-28,BOND_E,BUY,10000000
T000168,2026-01-27 22:11:50,2026-01-28,BOND_B,BUY,2000000
T000169,2026-01-27 22:11:55,2026-01-28,BOND_B,BUY,1000000
T000170,2026-01-27 22:11:55,2026-01-28,BOND_A,SELL,5000000
T000171,2026-01-27 22:11:55,2026-01-28,BOND_A,SELL,10000000
T000172,2026-01-27 22:12:00,2026-01-28,BOND_E,SELL,5000000
T000173,2026-01-27 22:12:00,2026-01-28,BOND_A,SELL,5000000
T000174,2026-01-27 22:12:00,2026-01-28,BOND_E,SELL,5000000
T000175,2026-01-27 22:12:05,2026-01-28,BOND_A,BUY,1000000
T000176,2026-01-27 22:12:05,2026-01-28,BOND_D,BUY,1000000
T000177,2026-01-27 22:12:05,2026-01-28,BOND_B,SELL,5000000
T000178,2026-01-27 22:12:10,2026-01-28,BOND_A,BUY,10000000
T000179,2026-01-27 22:12:10,2026-01-28,BOND_E,SELL,10000000
T000180,2026-01-27 22:12:10,2026-01-28,BOND_B,BUY,2000000
T000181,2026-01-27 22:12:15,2026-01-28,BOND_A,BUY,5000000
T000182,2026-01-27 22:12:15,2026-01-28,BOND_C,SELL,2000000
T000183,2026-01-27 22:12:15,2026-01-28,BOND_B,SELL,1000000
T000184,2026-01-27 22:12:20,2026-01-28,BOND_D,BUY,2000000
T000185,2026-01-27 22:12:20,2026-01-28,BOND_A,BUY,5000000
T000186,2026-01-27 22:12:20,2026-01-28,BOND_E,BUY,5000000
T000187,2026-01-27 22:12:25,2026-01-28,BOND_E,SELL,1000000
T000188,2026-01-27 22:12:25,2026-01-28,BOND_C,BUY,1000000
T000189,2026-01-27 22:12:25,2026-01-28,BOND_B,SELL,2000000
T000190,2026-01-27 22:12:30,2026-01-28,BOND_E,SELL,10000000
T000191,2026-01-27 22:12:30,2026-01-28,BOND_A,SELL,10000000
T000192,2026-01-27 22:12:30,2026-01-28,BOND_E,SELL,10000000
T000193,2026-01-27 22:12:35,2026-01-28,BOND_B,SELL,10000000
T000194,2026-01-27 22:12:35,2026-01-28,BOND_B,BUY,2000000
T000195,2026-01-27 22:12:35,2026-01-28,BOND_E,BUY,5000000
T000196,2026-01-27 22:12:40,2026-01-28,BOND_E,SELL,2000000
T000197,2026-01-27 22:12:40,2026-01-28,BOND_B,BUY,1000000
T000198,2026-01-27 22:12:40,2026-01-28,BOND_B,BUY,5000000
T000199,2026-01-27 22:12:45,2026-01-28,BOND_A,BUY,10000000
T000200,2026-01-27 22:12:45,2026-01-28,BOND_E,BUY,5000000
T000201,2026-01-27 22:12:45,2026-01-28,BOND_A,BUY,10000000
T000202,2026-01-27 22:12:50,2026-01-28,BOND_B,SELL,10000000
T000203,2026-01-27 22:12:50,2026-01-28,BOND_C,BUY,5000000
T000204,2026-01-27 22:12:50,2026-01-28,BOND_C,BUY,1000000
T000205,2026-01-27 22:12:55,2026-01-28,BOND_C,BUY,2000000
T000206,2026-01-27 22:12:55,2026-01-28,BOND_A,BUY,2000000
T000207,2026-01-27 22:12:55,2026-01-28,BOND_B,BUY,1000000
T000208,2026-01-27 22:12:59,2026-01-28,BOND_E,SELL,2000000
T000209,2026-01-27 22:12:59,2026-01-28,BOND_C,BUY,2000000
T000210,2026-01-27 22:12:59,2026-01-28,BOND_D,SELL,2000000
T000211,2026-01-27 22:13:04,2026-01-28,BOND_B,SELL,2000000
T000212,2026-01-27 22:13:04,2026-01-28,BOND_C,SELL,2000000
T000213,2026-01-27 22:13:04,2026-01-28,BOND_B,SELL,2000000
T000214,2026-01-27 22:13:09,2026-01-28,BOND_A,SELL,5000000
T000215,2026-01-27 22:13:09,2026-01-28,BOND_D,BUY,1000000
T000216,2026-01-27 22:13:09,2026-01-28,BOND_A,SELL,2000000
T000217,2026-01-27 22:13:14,2026-01-28,BOND_E,BUY,2000000
T000218,2026-01-27 22:13:14,2026-01-28,BOND_E,BUY,1000000
T000219,2026-01-27 22:13:14,2026-01-28,BOND_E,BUY,10000000
T000220,2026-01-27 22:13:19,2026-01-28,BOND_C,BUY,5000000
T000221,2026-01-27 22:13:19,2026-01-28,BOND_E,SELL,1000000
T000222,2026-01-27 22:13:19,2026-01-28,BOND_B,BUY,10000000
T000223,2026-01-27 22:13:24,2026-01-28,BOND_C,SELL,10000000
T000224,2026-01-27 22:13:24,2026-01-28,BOND_E,SELL,10000000
T000225,2026-01-27 22:13:24,2026-01-28,BOND_B,SELL,5000000
T000226,2026-01-27 22:13:29,2026-01-28,BOND_E,SELL,10000000
T000227,2026-01-27 22:13:29,2026-01-28,BOND_C,BUY,1000000
T000228,2026-01-27 22:13:29,2026-01-28,BOND_E,SELL,1000000
T000229,2026-01-27 22:13:34,2026-01-28,BOND_D,BUY,1000000
T000230,2026-01-27 22:13:34,2026-01-28,BOND_A,BUY,2000000
T000231,2026-01-27 22:13:34,2026-01-28,BOND_C,BUY,2000000
T000232,2026-01-27 22:13:39,2026-01-28,BOND_C,BUY,10000000
T000233,2026-01-27 22:13:39,2026-01-28,BOND_A,BUY,2000000
T000234,2026-01-27 22:13:39,2026-01-28,BOND_B,SELL,2000000
T000235,2026-01-27 22:13:44,2026-01-28,BOND_D,BUY,10000000
T000236,2026-01-27 22:13:44,2026-01-28,BOND_E,BUY,10000000
T000237,2026-01-27 22:13:44,2026-01-28,BOND_C,BUY,5000000
T000238,2026-01-27 22:13:49,2026-01-28,BOND_A,SELL,1000000
T000239,2026-01-27 22:13:49,2026-01-28,BOND_D,SELL,1000000
T000240,2026-01-27 22:13:49,2026-01-28,BOND_B,BUY,5000000
T000241,2026-01-27 22:13:54,2026-01-28,BOND_D,SELL,10000000
T000242,2026-01-27 22:13:54,2026-01-28,BOND_C,BUY,5000000
T000243,2026-01-27 22:13:54,2026-01-28,BOND_C,BUY,10000000
T000244,2026-01-27 22:13:59,2026-01-28,BOND_C,BUY,1000000
T000245,2026-01-27 22:13:59,2026-01-28,BOND_A,SELL,5000000
T000246,2026-01-27 22:13:59,2026-01-28,BOND_C,SELL,5000000
T000247,2026-01-27 22:14:04,2026-01-28,BOND_A,BUY,5000000
T000248,2026-01-27 22:14:04,2026-01-28,BOND_D,SELL,10000000
T000249,2026-01-27 22:14:04,2026-01-28,BOND_A,BUY,5000000
T000250,2026-01-27 22:14:09,2026-01-28,BOND_C,SELL,1000000
T000251,2026-01-27 22:14:09,2026-01-28,BOND_A,SELL,5000000
T000252,2026-01-27 22:14:09,2026-01-28,BOND_E,SELL,2000000
T000253,2026-01-27 22:14:14,2026-01-28,BOND_B,SELL,10000000
T000254,2026-01-27 22:14:14,2026-01-28,BOND_C,SELL,1000000
T000255,2026-01-27 22:14:14,2026-01-28,BOND_C,BUY,1000000
T000256,2026-01-27 22:14:19,2026-01-28,BOND_D,BUY,1000000
T000257,2026-01-27 22:14:19,2026-01-28,BOND_C,SELL,2000000
T000258,2026-01-27 22:14:19,2026-01-28,BOND_C,BUY,5000000
T000259,2026-01-27 22:14:24,2026-01-28,BOND_B,BUY,1000000
T000260,2026-01-27 22:14:24,2026-01-28,BOND_E,SELL,2000000
T000261,2026-01-27 22:14:24,2026-01-28,BOND_C,SELL,10000000
T000262,2026-01-27 22:14:29,2026-01-28,BOND_D,SELL,2000000
T000263,2026-01-27 22:14:29,2026-01-28,BOND_C,BUY,1000000
T000264,2026-01-27 22:14:29,2026-01-28,BOND_B,SELL,5000000
T000265,2026-01-27 22:14:34,2026-01-28,BOND_D,SELL,1000000
T000266,2026-01-27 22:14:34,2026-01-28,BOND_B,BUY,2000000
T000267,2026-01-27 22:14:34,2026-01-28,BOND_D,SELL,10000000
T000268,2026-01-27 22:14:39,2026-01-28,BOND_E,SELL,1000000
T000269,2026-01-27 22:14:39,2026-01-28,BOND_B,BUY,5000000
T000270,2026-01-27 22:14:39,2026-01-28,BOND_D,SELL,10000000
T000271,2026-01-27 22:14:44,2026-01-28,BOND_E,BUY,5000000
T000272,2026-01-27 22:14:44,2026-01-28,BOND_E,BUY,5000000
T000273,2026-01-27 22:14:44,2026-01-28,BOND_D,BUY,10000000
T000274,2026-01-27 22:14:49,2026-01-28,BOND_A,SELL,2000000
T000275,2026-01-27 22:14:49,2026-01-28,BOND_D,BUY,2000000
T000276,2026-01-27 22:14:49,2026-01-28,BOND_C,BUY,5000000
T000277,2026-01-27 22:14:54,2026-01-28,BOND_C,BUY,2000000
T000278,2026-01-27 22:14:54,2026-01-28,BOND_B,BUY,1000000
T000279,2026-01-27 22:14:54,2026-01-28,BOND_D,SELL,5000000
T000280,2026-01-27 22:14:59,2026-01-28,BOND_D,SELL,10000000
T000281,2026-01-27 22:14:59,2026-01-28,BOND_A,SELL,1000000
T000282,2026-01-27 22:14:59,2026-01-28,BOND_A,BUY,5000000
T000283,2026-01-27 22:15:05,2026-01-28,BOND_E,BUY,1000000
T000284,2026-01-27 22:15:05,2026-01-28,BOND_A,BUY,10000000
T000285,2026-01-27 22:15:05,2026-01-28,BOND_B,SELL,5000000
T000286,2026-01-27 22:15:10,2026-01-28,BOND_B,SELL,10000000
T000287,2026-01-27 22:15:10,2026-01-28,BOND_E,BUY,5000000
T000288,2026-01-27 22:15:10,2026-01-28,BOND_C,BUY,1000000
T000289,2026-01-27 22:15:15,2026-01-28,BOND_B,SELL,5000000
T000290,2026-01-27 22:15:15,2026-01-28,BOND_E,BUY,2000000
T000291,2026-01-27 22:15:15,2026-01-28,BOND_B,SELL,5000000
T000292,2026-01-27 22:15:20,2026-01-28,BOND_E,SELL,10000000
T000293,2026-01-27 22:15:20,2026-01-28,BOND_B,SELL,1000000
T000294,2026-01-27 22:15:20,2026-01-28,BOND_C,SELL,5000000
T000295,2026-01-27 22:15:25,2026-01-28,BOND_C,SELL,2000000
T000296,2026-01-27 22:15:25,2026-01-28,BOND_A,SELL,10000000
T000297,2026-01-27 22:15:25,2026-01-28,BOND_A,BUY,1000000
T000298,2026-01-27 22:16:01,2026-01-28,BOND_C,SELL,5000000
T000299,2026-01-27 22:16:01,2026-01-28,BOND_D,SELL,10000000
T000300,2026-01-27 22:16:01,2026-01-28,BOND_D,SELL,10000000
T000301,2026-01-27 22:16:06,2026-01-28,BOND_D,SELL,1000000
T000302,2026-01-27 22:16:06,2026-01-28,BOND_C,SELL,10000000
T000303,2026-01-27 22:16:06,2026-01-28,BOND_A,BUY,10000000
T000304,2026-01-27 22:16:11,2026-01-28,BOND_D,BUY,5000000
T000305,2026-01-27 22:16:11,2026-01-28,BOND_B,BUY,2000000
T000306,2026-01-27 22:16:11,2026-01-28,BOND_A,BUY,2000000
T000307,2026-01-27 22:16:16,2026-01-28,BOND_A,BUY,5000000
T000308,2026-01-27 22:16:16,2026-01-28,BOND_E,BUY,2000000
T000309,2026-01-27 22:16:16,2026-01-28,BOND_A,BUY,10000000
T000310,2026-01-27 22:16:21,2026-01-28,BOND_B,SELL,5000000
T000311,2026-01-27 22:16:21,2026-01-28,BOND_A,SELL,10000000
T000312,2026-01-27 22:16:21,2026-01-28,BOND_C,BUY,5000000
T000313,2026-01-27 22:16:26,2026-01-28,BOND_A,BUY,1000000
T000314,2026-01-27 22:16:26,2026-01-28,BOND_E,SELL,5000000
T000315,2026-01-27 22:16:26,2026-01-28,BOND_E,SELL,1000000
T000316,2026-01-27 22:16:31,2026-01-28,BOND_E,BUY,2000000
T000317,2026-01-27 22:16:31,2026-01-28,BOND_C,BUY,1000000
T000318,2026-01-27 22:16:31,2026-01-28,BOND_E,SELL,10000000
T000319,2026-01-27 22:16:36,2026-01-28,BOND_A,BUY,2000000
T000320,2026-01-27 22:16:36,2026-01-28,BOND_E,SELL,2000000
T000321,2026-01-27 22:16:36,2026-01-28,BOND_C,BUY,2000000
T000322,2026-01-27 22:16:41,2026-01-28,BOND_D,BUY,5000000
T000323,2026-01-27 22:16:41,2026-01-28,BOND_E,SELL,5000000
T000324,2026-01-27 22:16:41,2026-01-28,BOND_B,SELL,2000000
T000325,2026-01-27 22:16:46,2026-01-28,BOND_C,BUY,1000000
T000326,2026-01-27 22:16:46,2026-01-28,BOND_A,SELL,1000000
T000327,2026-01-27 22:16:46,2026-01-28,BOND_A,BUY,10000000
T000328,2026-01-27 22:16:51,2026-01-28,BOND_D,BUY,2000000
T000329,2026-01-27 22:16:51,2026-01-28,BOND_C,BUY,2000000
T000330,2026-01-27 22:16:51,2026-01-28,BOND_A,SELL,1000000
T000331,2026-01-27 22:16:56,2026-01-28,BOND_D,SELL,1000000
T000332,2026-01-27 22:16:56,2026-01-28,BOND_A,BUY,10000000
T000333,2026-01-27 22:16:56,2026-01-28,BOND_A,SELL,1000000
T000334,2026-01-27 22:17:01,2026-01-28,BOND_A,BUY,1000000
T000335,2026-01-27 22:17:01,2026-01-28,BOND_B,SELL,5000000
T000336,2026-01-27 22:17:01,2026-01-28,BOND_A,BUY,5000000
T000337,2026-01-27 22:17:06,2026-01-28,BOND_B,BUY,2000000
T000338,2026-01-27 22:17:06,2026-01-28,BOND_C,BUY,5000000
T000339,2026-01-27 22:17:06,2026-01-28,BOND_D,BUY,2000000
T000340,2026-01-27 22:17:11,2026-01-28,BOND_E,BUY,2000000
T000341,2026-01-27 22:17:11,2026-01-28,BOND_D,BUY,5000000
T000342,2026-01-27 22:17:11,2026-01-28,BOND_D,SELL,5000000
T000343,2026-01-27 22:17:16,2026-01-28,BOND_C,SELL,10000000
T000344,2026-01-27 22:17:16,2026-01-28,BOND_B,SELL,10000000
T000345,2026-01-27 22:17:16,2026-01-28,BOND_D,SELL,5000000
T000346,2026-01-27 22:17:21,2026-01-28,BOND_C,BUY,2000000
T000347,2026-01-27 22:17:21,2026-01-28,BOND_B,SELL,10000000
T000348,2026-01-27 22:17:21,2026-01-28,BOND_B,BUY,5000000
T000349,2026-01-27 22:17:26,2026-01-28,BOND_E,SELL,2000000
T000350,2026-01-27 22:17:26,2026-01-28,BOND_C,BUY,10000000
T000351,2026-01-27 22:17:26,2026-01-28,BOND_A,BUY,5000000
T000352,2026-01-27 22:17:31,2026-01-28,BOND_D,BUY,1000000
T000353,2026-01-27 22:17:31,2026-01-28,BOND_B,SELL,10000000
T000354,2026-01-27 22:17:31,2026-01-28,BOND_D,BUY,5000000
T000355,2026-01-27 22:17:36,2026-01-28,BOND_A,SELL,1000000
T000356,2026-01-27 22:17:36,2026-01-28,BOND_C,BUY,10000000
T000357,2026-01-27 22:17:36,2026-01-28,BOND_E,BUY,5000000
T000358,2026-01-27 22:17:41,2026-01-28,BOND_B,BUY,5000000
T000359,2026-01-27 22:17:41,2026-01-28,BOND_C,BUY,1000000
T000360,2026-01-27 22:17:41,2026-01-28,BOND_B,BUY,10000000
T000361,2026-01-27 22:17:46,2026-01-28,BOND_A,BUY,2000000
T000362,2026-01-27 22:17:46,2026-01-28,BOND_D,SELL,1000000
T000363,2026-01-27 22:17:46,2026-01-28,BOND_D,SELL,10000000
T000364,2026-01-27 22:17:51,2026-01-28,BOND_A,BUY,10000000
T000365,2026-01-27 22:17:51,2026-01-28,BOND_A,SELL,1000000
T000366,2026-01-27 22:17:51,2026-01-28,BOND_D,SELL,10000000
T000367,2026-01-27 22:17:56,2026-01-28,BOND_D,SELL,2000000
T000368,2026-01-27 22:17:56,2026-01-28,BOND_A,SELL,5000000
T000369,2026-01-27 22:17:56,2026-01-28,BOND_D,SELL,1000000
T000370,2026-01-27 22:18:01,2026-01-28,BOND_E,SELL,1000000
T000371,2026-01-27 22:18:01,2026-01-28,BOND_E,SELL,2000000
T000372,2026-01-27 22:18:01,2026-01-28,BOND_D,BUY,10000000
T000373,2026-01-27 22:18:06,2026-01-28,BOND_B,BUY,2000000
T000374,2026-01-27 22:18:06,2026-01-28,BOND_A,BUY,2000000
T000375,2026-01-27 22:18:06,2026-01-28,BOND_D,BUY,1000000
T000376,2026-01-27 22:18:11,2026-01-28,BOND_E,SELL,1000000
T000377,2026-01-27 22:18:11,2026-01-28,BOND_B,BUY,2000000
T000378,2026-01-27 22:18:11,2026-01-28,BOND_A,BUY,1000000
T000379,2026-01-27 22:18:16,2026-01-28,BOND_E,BUY,5000000
T000380,2026-01-27 22:18:16,2026-01-28,BOND_B,BUY,1000000
T000381,2026-01-27 22:18:16,2026-01-28,BOND_E,BUY,5000000
T000382,2026-01-27 22:18:21,2026-01-28,BOND_C,SELL,5000000
T000383,2026-01-27 22:18:21,2026-01-28,BOND_A,BUY,10000000
T000384,2026-01-27 22:18:21,2026-01-28,BOND_C,SELL,10000000
T000385,2026-01-27 22:18:26,2026-01-28,BOND_C,SELL,10000000
T000386,2026-01-27 22:18:26,2026-01-28,BOND_B,SELL,2000000
T000387,2026-01-27 22:18:26,2026-01-28,BOND_C,BUY,2000000
T000388,2026-01-27 22:39:14,2026-01-28,BOND_E,SELL,10000000
T000389,2026-01-27 22:39:14,2026-01-28,BOND_D,SELL,1000000
T000390,2026-01-27 22:39:14,2026-01-28,BOND_A,BUY,2000000
T000391,2026-01-27 22:39:19,2026-01-28,BOND_E,BUY,5000000
T000392,2026-01-27 22:39:19,2026-01-28,BOND_E,BUY,10000000
T000393,2026-01-27 22:39:19,2026-01-28,BOND_E,SELL,10000000
T000394,2026-01-27 22:39:24,2026-01-28,BOND_D,SELL,10000000
T000395,2026-01-27 22:39:24,2026-01-28,BOND_E,SELL,10000000
T000396,2026-01-27 22:39:24,2026-01-28,BOND_A,BUY,1000000
T000397,2026-01-27 22:39:29,2026-01-28,BOND_A,BUY,1000000
T000398,2026-01-27 22:39:29,2026-01-28,BOND_D,BUY,2000000
T000399,2026-01-27 22:39:29,2026-01-28,BOND_B,BUY,1000000
T000400,2026-01-27 22:39:34,2026-01-28,BOND_E,SELL,10000000
T000401,2026-01-27 22:39:34,2026-01-28,BOND_D,SELL,1000000
T000402,2026-01-27 22:39:34,2026-01-28,BOND_D,BUY,1000000
T000403,2026-01-27 22:39:39,2026-01-28,BOND_D,BUY,5000000
T000404,2026-01-27 22:39:39,2026-01-28,BOND_E,SELL,2000000
T000405,2026-01-27 22:39:39,2026-01-28,BOND_C,BUY,5000000
T000406,2026-01-27 22:39:44,2026-01-28,BOND_E,SELL,5000000
T000407,2026-01-27 22:39:44,2026-01-28,BOND_A,BUY,1000000
T000408,2026-01-27 22:39:44,2026-01-28,BOND_A,SELL,1000000
T000409,2026-01-27 22:39:49,2026-01-28,BOND_B,SELL,10000000
T000410,2026-01-27 22:39:49,2026-01-28,BOND_D,BUY,2000000
T000411,2026-01-27 22:39:49,2026-01-28,BOND_B,SELL,10000000
T000412,2026-01-27 22:39:54,2026-01-28,BOND_E,BUY,10000000
T000413,2026-01-27 22:39:54,2026-01-28,BOND_C,BUY,1000000
T000414,2026-01-27 22:39:54,2026-01-28,BOND_C,SELL,10000000
T000415,2026-01-27 22:39:59,2026-01-28,BOND_E,SELL,5000000
T000416,2026-01-27 22:39:59,2026-01-28,BOND_C,BUY,10000000
T000417,2026-01-27 22:39:59,2026-01-28,BOND_A,BUY,1000000
T000418,2026-01-27 22:40:04,2026-01-28,BOND_B,BUY,1000000
T000419,2026-01-27 22:40:04,2026-01-28,BOND_D,BUY,10000000
T000420,2026-01-27 22:40:04,2026-01-28,BOND_D,SELL,2000000
T000421,2026-01-27 22:40:09,2026-01-28,BOND_E,SELL,1000000
T000422,2026-01-27 22:40:09,2026-01-28,BOND_D,BUY,5000000
T000423,2026-01-27 22:40:09,2026-01-28,BOND_A,SELL,1000000
T000424,2026-01-27 22:40:14,2026-01-28,BOND_E,SELL,2000000
T000425,2026-01-27 22:40:14,2026-01-28,BOND_B,SELL,2000000
T000426,2026-01-27 22:40:14,2026-01-28,BOND_E,SELL,10000000
T000427,2026-01-27 22:40:19,2026-01-28,BOND_B,SELL,1000000
T000428,2026-01-27 22:40:19,2026-01-28,BOND_E,SELL,10000000
T000429,2026-01-27 22:40:19,2026-01-28,BOND_B,BUY,1000000
T000430,2026-01-27 22:40:24,2026-01-28,BOND_A,SELL,5000000
T000431,2026-01-27 22:40:24,2026-01-28,BOND_B,BUY,2000000
T000432,2026-01-27 22:40:24,2026-01-28,BOND_C,SELL,5000000
T000433,2026-01-27 22:40:29,2026-01-28,BOND_B,BUY,1000000
T000434,2026-01-27 22:40:29,2026-01-28,BOND_D,BUY,1000000
T000435,2026-01-27 22:40:29,2026-01-28,BOND_B,BUY,10000000
T000436,2026-01-27 22:40:34,2026-01-28,BOND_D,SELL,2000000
T000437,2026-01-27 22:40:34,2026-01-28,BOND_B,BUY,5000000
T000438,2026-01-27 22:40:34,2026-01-28,BOND_B,BUY,2000000
T000439,2026-01-27 22:40:39,2026-01-28,BOND_E,SELL,10000000
T000440,2026-01-27 22:40:39,2026-01-28,BOND_E,SELL,1000000
T000441,2026-01-27 22:40:39,2026-01-28,BOND_E,BUY,10000000
T000442,2026-01-27 22:40:44,2026-01-28,BOND_A,BUY,10000000
T000443,2026-01-27 22:40:44,2026-01-28,BOND_A,BUY,1000000
T000444,2026-01-27 22:40:44,2026-01-28,BOND_E,BUY,1000000
T000445,2026-01-27 22:40:49,2026-01-28,BOND_E,BUY,5000000
T000446,2026-01-27 22:40:49,2026-01-28,BOND_A,BUY,10000000
T000447,2026-01-27 22:40:49,2026-01-28,BOND_B,BUY,1000000
T000448,2026-01-27 22:40:54,2026-01-28,BOND_D,SELL,10000000
T000449,2026-01-27 22:40:54,2026-01-28,BOND_C,BUY,10000000
T000450,2026-01-27 22:40:54,2026-01-28,BOND_D,BUY,5000000
T000451,2026-01-27 22:40:59,2026-01-28,BOND_D,BUY,10000000
T000452,2026-01-27 22:40:59,2026-01-28,BOND_A,BUY,10000000
T000453,2026-01-27 22:40:59,2026-01-28,BOND_A,SELL,5000000
T000454,2026-01-27 22:41:04,2026-01-28,BOND_A,SELL,5000000
T000455,2026-01-27 22:41:04,2026-01-28,BOND_D,SELL,2000000
T000456,2026-01-27 22:41:04,2026-01-28,BOND_C,SELL,5000000
T000457,2026-01-27 22:41:09,2026-01-28,BOND_E,BUY,5000000
T000458,2026-01-27 22:41:09,2026-01-28,BOND_B,SELL,10000000
T000459,2026-01-27 22:41:09,2026-01-28,BOND_D,BUY,2000000
T000460,2026-01-27 22:41:14,2026-01-28,BOND_A,BUY,10000000
T000461,2026-01-27 22:41:14,2026-01-28,BOND_C,SELL,10000000
T000462,2026-01-27 22:41:14,2026-01-28,BOND_D,SELL,1000000
T000463,2026-01-27 22:41:19,2026-01-28,BOND_E,SELL,5000000
T000464,2026-01-27 22:41:19,2026-01-28,BOND_B,SELL,2000000
T000465,2026-01-27 22:41:19,2026-01-28,BOND_B,SELL,10000000
T000466,2026-01-27 22:41:24,2026-01-28,BOND_B,SELL,2000000
T000467,2026-01-27 22:41:24,2026-01-28,BOND_E,SELL,2000000
T000468,2026-01-27 22:41:24,2026-01-28,BOND_A,BUY,1000000
T000469,2026-01-27 22:41:29,2026-01-28,BOND_A,BUY,10000000
T000470,2026-01-27 22:41:29,2026-01-28,BOND_E,SELL,10000000
T000471,2026-01-27 22:41:29,2026-01-28,BOND_B,BUY,5000000
T000472,2026-01-27 22:41:34,2026-01-28,BOND_B,BUY,2000000
T000473,2026-01-27 22:41:34,2026-01-28,BOND_C,BUY,10000000
T000474,2026-01-27 22:41:34,2026-01-28,BOND_E,BUY,1000000
T000475,2026-01-27 22:41:39,2026-01-28,BOND_D,SELL,10000000
T000476,2026-01-27 22:41:39,2026-01-28,BOND_E,BUY,5000000
T000477,2026-01-27 22:41:39,2026-01-28,BOND_C,SELL,10000000
T000478,2026-01-27 22:41:44,2026-01-28,BOND_C,SELL,1000000
T000479,2026-01-27 22:41:44,2026-01-28,BOND_E,SELL,10000000
T000480,2026-01-27 22:41:44,2026-01-28,BOND_A,SELL,10000000
T000481,2026-01-27 22:41:49,2026-01-28,BOND_E,SELL,10000000
T000482,2026-01-27 22:41:49,2026-01-28,BOND_D,SELL,10000000
T000483,2026-01-27 22:41:49,2026-01-28,BOND_B,BUY,1000000
T000484,2026-01-27 22:41:54,2026-01-28,BOND_B,SELL,5000000
T000485,2026-01-27 22:41:54,2026-01-28,BOND_B,BUY,5000000
T000486,2026-01-27 22:41:54,2026-01-28,BOND_B,SELL,10000000
T000487,2026-01-27 22:41:59,2026-01-28,BOND_D,BUY,5000000
T000488,2026-01-27 22:41:59,2026-01-28,BOND_E,SELL,2000000
T000489,2026-01-27 22:41:59,2026-01-28,BOND_B,SELL,5000000
T000490,2026-01-27 22:42:04,2026-01-28,BOND_A,SELL,2000000
T000491,2026-01-27 22:42:04,2026-01-28,BOND_D,SELL,10000000
T000492,2026-01-27 22:42:04,2026-01-28,BOND_B,BUY,10000000
T000493,2026-01-27 22:42:09,2026-01-28,BOND_E,SELL,5000000
T000494,2026-01-27 22:42:09,2026-01-28,BOND_A,SELL,1000000
T000495,2026-01-27 22:42:09,2026-01-28,BOND_D,BUY,1000000
T000496,2026-01-27 22:42:14,2026-01-28,BOND_B,SELL,1000000
T000497,2026-01-27 22:42:14,2026-01-28,BOND_E,SELL,5000000
T000498,2026-01-27 22:42:14,2026-01-28,BOND_A,SELL,1000000
T000499,2026-01-27 22:42:19,2026-01-28,BOND_B,BUY,10000000
T000500,2026-01-27 22:42:19,2026-01-28,BOND_D,BUY,2000000
T000501,2026-01-27 22:42:19,2026-01-28,BOND_E,BUY,10000000
